<Bindings>
    <!-- <Binding name="HEKILI_TOGGLE_PAUSE" header="HEKILI_HEADER">Hekili:TogglePause();</Binding>
    <Binding name="HEKILI_SNAPSHOT">Hekili:MakeSnapshot();</Binding>
    <Binding name="HEKILI_TOGGLE_COOLDOWNS">Hekili:ToggleCooldowns();</Binding>
    <Binding name="HEKILI_TOGGLE_ARTIFACT">Hekili:ToggleArtifact();</Binding>
    <Binding name="HEKILI_TOGGLE_POTIONS">Hekili:TogglePotions();</Binding>
    <Binding name="HEKILI_TOGGLE_INTERRUPTS">Hekili:ToggleInterrupts();</Binding>
    <Binding name="HEKILI_TOGGLE_MODE">Hekili:ToggleMode();</Binding>
    <Binding name="HEKILI_TOGGLE_1">Hekili:ToggleCustom(1);</Binding>
    <Binding name="HEKILI_TOGGLE_2">Hekili:ToggleCustom(2);</Binding>
    <Binding name="HEKILI_TOGGLE_3">Hekili:ToggleCustom(3);</Binding>
    <Binding name="HEKILI_TOGGLE_4">Hekili:ToggleCustom(4);</Binding>
    <Binding name="HEKILI_TOGGLE_5">Hekili:ToggleCustom(5);</Binding> -->
</Bindings>
